10 8
David david31@example.com david11@example.com david70@example.com david37@yahoo.com david7@gmail.com david54@yahoo.com david27@hotmail.com
Mary mary43@example.com mary44@gmail.com mary1@example.com mary32@example.com mary3@yahoo.com mary52@hotmail.com mary37@outlook.com mary89@example.com
Charlie charlie39@hotmail.com charlie19@hotmail.com charlie10@gmail.com charlie16@hotmail.com charlie7@hotmail.com charlie7@gmail.com
Eva eva12@hotmail.com eva81@hotmail.com
David david44@outlook.com david34@hotmail.com david31@hotmail.com david1@hotmail.com david13@hotmail.com david38@hotmail.com david38@gmail.com
Bob bob90@example.com bob12@yahoo.com bob61@yahoo.com bob52@yahoo.com
Grace grace31@hotmail.com grace55@example.com grace7@hotmail.com grace62@gmail.com grace97@yahoo.com grace24@gmail.com grace56@yahoo.com grace56@yahoo.com grace69@hotmail.com
Grace grace9@gmail.com grace96@gmail.com grace16@gmail.com grace91@gmail.com grace60@hotmail.com david31@example.com
Bob bob77@example.com bob86@outlook.com bob39@outlook.com bob23@example.com bob17@outlook.com bob93@yahoo.com bob44@outlook.com
Eva eva60@outlook.com eva53@outlook.com eva88@outlook.com eva8@hotmail.com eva25@hotmail.com eva9@outlook.com eva60@hotmail.com